Extended Connectivity FINGERPRINTS - size:576 - length:0 to 2 - bits per pattern:2 - count fragments - atom options:Atom type|Aromaticity|Connectivity (total)|Charge|Bond order
Molecule1	1	0	0	1	1	1	1	1	1	1	1	1	0	0	0	1	0	0	0	1	1	1	1	1	1	0	1	1	1	1	1	1	1	1	1	0	1	1	0	0	0	0	1	0	1	0	0	1	1	1	0	0	1	1	0	1	1	0	0	0	0	0	1	0	1	1	1	0	0	0	1	1	1	1	1	1	1	0	0	0	1	0	1	1	1	1	0	1	0	0	0	0	0	0	1	1	1	1	1	0	1	1	1	1	1	0	0	0	1	1	1	1	1	0	1	1	0	1	0	0	0	0	1	0	0	1	0	0	1	1	1	1	1	1	0	1	1	1	1	0	1	0	1	1	1	1	1	1	0	1	1	0	0	0	0	0	0	1	1	0	1	0	1	0	1	0	1	0	1	1	1	1	0	1	0	1	0	1	1	1	0	1	1	1	0	0	1	1	0	1	1	1	1	0	1	1	1	1	0	1	1	1	1	0	0	0	0	1	1	1	1	1	0	1	0	1	1	0	1	1	1	1	0	1	1	1	1	1	1	1	1	0	0	1	1	1	1	1	1	0	0	0	0	1	1	1	1	0	1	1	1	0	1	0	1	1	1	0	0	0	0	1	1	1	0	1	1	0	1	1	0	1	0	1	1	1	1	0	0	1	1	0	1	0	1	0	0	1	0	1	0	1	0	0	0	1	0	1	1	0	1	1	0	1	0	0	1	1	0	0	0	1	1	1	1	0	0	1	1	0	1	0	0	0	0	1	1	1	0	0	1	0	1	0	0	0	0	0	0	0	1	1	1	0	1	0	1	0	1	1	1	1	1	0	1	0	1	1	0	0	1	0	1	1	0	0	0	1	1	1	1	1	0	1	1	1	1	1	1	1	0	0	1	1	1	1	0	1	0	0	0	0	1	0	1	1	1	1	0	1	1	1	1	0	0	1	1	1	0	1	0	1	0	1	1	1	1	1	1	1	0	1	0	0	1	0	1	1	0	0	0	0	1	0	0	1	0	0	0	1	1	1	0	1	1	0	1	0	0	1	1	1	0	1	0	0	1	1	1	1	1	0	0	0	0	1	0	1	0	1	0	0	0	0	1	1	0	1	1	0	1	0	0	0	1	1	0	0	1	1	1	1	1	0	0	1	0	1	1	0	0	0	1	1	1	1	1	1	0	1	1	0	0	1	1	1	1	1	1	1	1	1	1	1	1	1	1	1	1	0	0	0	0	0	1	1	0	0	1	1	1	1	1	1	0	1	1	0	1	1	1	0	0	1	1	0	0	1	0	1	1	1	1	0	0	1	1	1	1	1	0	0	0	0	0	0
Molecule2	0	0	0	1	0	0	0	1	1	1	1	0	1	1	0	0	1	0	1	0	0	0	0	0	1	1	1	0	1	1	1	0	1	1	0	0	0	0	0	0	0	0	1	0	0	0	0	0	1	0	0	0	1	1	0	0	1	0	1	0	0	1	0	0	1	1	0	0	0	0	0	0	0	0	1	0	0	0	0	0	1	0	1	0	0	0	1	0	0	0	0	0	0	0	0	0	1	0	1	0	1	0	0	1	0	0	0	0	1	1	0	0	0	1	0	0	0	1	0	1	0	0	0	1	0	0	0	0	1	0	0	0	1	1	0	0	1	0	0	0	1	0	1	0	0	0	1	1	1	1	0	0	0	0	0	1	1	0	1	0	1	0	0	1	0	0	0	0	1	0	1	1	0	0	0	0	0	0	1	0	0	1	0	1	1	0	0	0	0	1	1	1	0	1	0	0	1	1	0	0	0	0	1	0	0	0	0	0	0	0	1	0	0	0	0	1	1	0	1	0	1	0	0	0	0	0	0	0	1	1	1	1	0	0	0	1	0	1	1	0	0	0	1	0	1	0	1	1	0	0	0	0	1	0	1	0	1	0	0	1	0	1	1	0	0	1	0	1	0	1	1	1	0	0	1	0	1	1	0	1	0	0	1	0	1	1	0	0	0	1	0	0	0	1	0	0	0	0	0	0	1	1	0	0	0	0	1	0	0	0	0	0	1	1	0	1	0	0	0	1	0	0	0	0	1	1	0	0	0	1	1	0	0	0	0	1	0	0	0	1	0	0	1	0	0	0	0	0	0	1	0	0	0	0	0	0	1	1	0	0	0	0	0	0	0	1	0	0	0	1	0	0	0	0	0	0	0	0	1	0	0	1	0	0	1	1	0	0	0	0	0	1	1	0	0	1	0	1	0	1	0	0	0	0	0	1	0	1	0	1	0	1	0	0	0	1	0	0	0	1	0	0	0	0	0	0	0	0	0	0	0	1	0	0	0	0	1	0	1	0	0	0	0	1	1	1	0	1	1	0	0	1	0	1	1	0	0	1	0	0	1	0	0	0	0	0	0	0	1	0	0	0	0	0	0	1	0	0	1	0	1	1	0	1	0	0	0	0	1	0	1	0	1	0	0	1	0	1	0	1	0	1	1	0	0	1	0	1	0	0	0	0	1	1	0	0	1	1	0	0	0	0	1	1	0	1	1	0	0	0	0	0	0	0	0	0	1	0	1	1	1	1	1	1	1	0	0	0	1	0	0	0	0	0	0	1	0	0	0	0	1	0	0	0	1	0	0	0	0	0	0	0	1	0	0	0
Molecule3	1	0	0	0	1	1	1	1	1	1	0	0	0	0	1	0	0	0	0	0	0	1	0	0	1	0	0	0	0	1	0	1	0	0	0	1	1	0	1	0	0	0	0	0	1	0	0	0	0	1	0	0	1	1	0	0	0	0	0	0	0	1	0	0	1	1	0	0	1	0	1	1	0	1	1	0	0	1	0	0	0	1	0	0	0	0	0	1	0	0	0	1	0	0	1	1	0	0	0	0	1	0	0	1	0	0	0	0	0	0	0	1	1	0	1	0	0	0	1	0	0	0	1	0	0	1	0	0	1	0	0	1	0	0	0	0	1	0	1	0	1	0	0	1	0	0	1	0	0	1	0	0	0	0	0	0	1	1	0	0	0	0	1	0	1	0	1	0	0	0	1	0	0	0	0	0	0	1	1	1	1	0	1	0	1	0	1	1	0	0	1	0	1	0	1	1	0	0	0	0	0	1	1	1	0	0	0	0	0	1	0	1	0	1	0	1	0	0	0	1	1	0	0	1	1	0	0	1	1	1	1	0	0	1	0	1	1	1	1	0	0	0	0	1	0	0	1	0	0	0	1	0	0	1	1	0	0	0	0	0	0	1	1	0	0	0	1	0	0	1	0	1	0	0	1	0	1	1	0	0	1	0	0	0	0	0	0	0	0	1	0	1	0	0	0	1	0	0	1	0	0	0	0	0	0	0	0	0	0	0	0	0	1	1	1	0	0	1	0	0	0	0	0	0	0	1	1	0	0	0	1	0	1	0	0	0	0	1	0	0	1	1	0	0	0	0	1	1	1	1	1	0	1	0	1	0	0	0	1	0	1	0	1	1	0	0	0	1	0	1	0	1	1	0	0	1	1	1	1	0	0	0	1	1	1	1	0	0	1	0	0	0	0	0	0	1	1	0	0	0	0	1	1	0	0	1	1	0	0	1	0	1	0	1	0	0	1	1	1	0	0	1	0	0	1	0	1	1	0	0	0	0	0	0	0	1	0	0	0	1	0	1	0	1	1	0	1	1	0	0	0	1	0	1	0	0	0	1	0	0	0	0	0	1	0	1	1	0	0	1	0	0	0	0	0	1	0	0	1	0	0	0	0	0	0	0	0	0	0	1	1	1	0	0	1	0	0	0	1	0	0	0	1	0	1	1	1	1	0	1	0	0	0	1	1	0	1	0	1	0	1	0	0	0	1	1	1	0	0	0	0	0	1	0	0	0	0	0	1	0	1	0	0	0	0	1	0	0	0	1	1	0	0	0	0	0	0	1	0	1	1	0	0	0	0	1	1	1	0	0	0	0	0	0	0	0
Molecule4	0	0	0	1	0	0	1	1	1	1	1	0	0	0	0	0	0	0	0	0	1	0	0	0	1	0	1	0	0	0	1	1	0	0	1	0	0	0	0	0	0	0	1	0	1	1	0	0	0	0	0	0	1	0	0	0	1	0	0	0	0	0	0	0	1	1	0	0	0	0	1	0	0	1	1	0	0	0	0	0	1	0	0	1	0	0	1	0	0	0	1	0	0	1	1	1	0	1	1	0	1	1	1	1	1	0	0	0	1	0	0	1	0	0	1	0	0	1	0	0	1	0	1	0	0	1	0	1	0	1	0	1	1	1	0	0	1	0	0	0	1	0	0	0	0	0	1	0	0	1	1	0	1	0	0	0	0	0	0	0	1	0	1	1	0	0	1	1	1	0	1	1	0	1	1	1	0	1	0	0	0	0	1	0	0	0	0	0	0	1	1	1	1	1	1	1	1	1	0	0	1	1	1	0	0	0	0	0	0	1	0	1	0	1	0	1	1	0	1	0	0	1	0	0	1	1	1	1	1	1	1	0	0	1	1	1	0	0	1	0	0	0	0	1	1	0	1	1	0	0	0	0	0	0	1	1	1	0	0	0	0	1	1	0	0	0	1	0	1	1	0	0	0	1	1	0	0	0	0	1	0	0	0	0	1	0	0	1	0	0	0	0	0	0	1	1	0	0	1	0	1	0	1	1	0	0	0	0	1	0	0	1	1	1	1	0	0	0	1	0	1	0	0	0	0	1	1	1	0	0	1	0	0	0	0	0	0	0	0	1	1	1	0	0	0	0	0	0	1	0	0	0	1	1	1	0	0	1	0	0	1	0	0	1	0	0	0	0	0	1	0	1	0	0	1	0	1	1	1	0	0	1	0	0	1	1	0	0	0	0	0	0	1	0	1	1	0	1	1	1	1	0	1	0	0	1	1	0	0	0	0	1	0	0	0	1	1	0	1	0	0	1	0	0	1	0	1	1	0	0	0	0	0	0	0	0	0	0	0	1	1	1	1	1	1	0	1	0	1	0	0	0	1	1	0	0	0	1	0	0	1	0	0	0	0	1	0	0	0	0	0	1	0	0	0	0	0	0	0	0	0	0	1	0	1	1	0	0	1	0	1	0	0	0	0	1	1	1	1	0	0	0	1	1	0	1	1	1	0	1	0	0	0	0	1	0	1	1	0	1	0	0	0	0	1	1	0	0	0	0	1	0	0	0	1	1	0	0	1	1	1	1	0	0	0	1	1	0	1	1	1	1	0	0	1	0	0	1	0	0	1	1	0	0	0	0	1	0	0	0	0	0	0	0	0	0
Molecule5	0	1	0	1	1	0	1	1	1	1	0	1	0	0	0	1	0	0	0	0	1	1	0	0	1	0	1	0	0	1	1	1	1	0	1	0	1	0	0	0	0	0	1	0	1	0	0	0	1	1	0	0	1	1	0	0	1	0	0	0	0	0	0	0	1	1	1	0	0	1	1	0	0	1	1	0	0	0	0	0	1	0	0	1	1	0	0	1	0	0	1	1	0	0	1	1	1	1	1	0	1	1	0	1	1	0	0	0	1	1	0	1	1	0	0	0	0	1	0	0	0	0	1	0	0	1	0	1	1	1	0	1	1	1	0	0	1	0	0	0	1	0	0	0	1	1	1	0	0	1	1	1	0	0	0	0	0	1	1	0	1	0	1	1	1	0	1	0	1	0	1	1	0	0	0	1	0	1	1	1	0	0	1	0	0	0	1	1	0	1	1	1	1	0	1	1	1	1	0	1	0	1	1	0	0	0	0	1	1	1	1	1	0	1	0	1	1	0	0	1	1	1	0	1	1	1	1	1	1	1	1	1	0	1	1	1	1	1	1	0	0	0	0	1	1	0	1	1	0	0	1	0	0	0	1	1	1	0	0	0	0	1	1	0	0	0	1	0	1	1	0	0	0	0	1	0	1	0	0	1	1	0	0	0	1	0	0	0	0	0	1	0	0	0	0	1	0	0	1	0	1	1	0	0	0	0	0	0	0	0	0	1	1	1	1	0	0	1	1	0	1	0	0	0	0	1	1	1	0	0	1	0	1	0	0	0	0	1	0	0	1	0	1	0	0	0	1	0	1	1	0	1	1	0	1	0	1	1	0	0	1	0	1	1	0	0	0	1	0	1	0	1	0	0	1	1	1	1	1	0	0	1	1	0	1	1	0	0	0	0	0	0	1	0	1	1	1	1	1	1	1	1	1	0	0	1	1	0	0	1	0	1	0	1	1	1	1	1	1	1	0	1	0	0	1	0	1	1	0	0	0	0	0	0	1	1	0	0	0	1	0	1	1	1	1	0	1	0	0	1	0	0	0	1	0	0	1	1	0	0	1	0	0	0	0	1	0	0	0	1	0	0	0	1	0	0	0	1	1	0	0	0	0	0	1	1	0	0	1	1	1	1	0	0	0	0	0	1	1	0	0	0	1	1	1	1	1	1	0	1	1	0	0	1	1	0	1	0	1	1	0	0	0	0	1	1	1	0	1	0	0	0	0	0	0	1	0	0	1	1	1	1	0	0	0	1	1	0	1	1	1	1	0	0	1	0	0	1	0	1	1	0	0	0	0	1	1	1	1	0	0	1	0	0	0	0
Molecule6	0	0	0	1	1	1	1	1	1	1	0	1	0	0	0	1	0	0	0	1	1	0	1	0	1	0	1	0	0	1	1	1	1	0	1	0	1	0	0	0	0	0	0	0	1	0	0	0	1	1	0	0	1	1	0	1	1	0	0	0	0	0	0	0	1	1	0	0	0	0	1	1	1	1	1	0	0	0	0	0	1	0	0	1	1	0	0	1	0	0	0	0	0	0	1	1	1	0	1	0	1	1	0	1	1	0	0	0	1	1	1	1	1	0	0	0	0	1	0	0	0	0	1	0	0	1	0	0	1	1	1	1	1	1	0	1	1	1	1	0	1	0	0	0	1	1	1	1	0	1	1	0	0	0	0	0	0	1	1	0	1	0	1	0	1	0	1	0	1	0	1	1	0	1	0	1	0	1	1	1	0	0	1	0	0	0	1	1	0	1	1	1	1	0	1	1	1	1	0	1	0	1	1	0	0	0	0	0	1	1	1	1	0	1	0	1	0	0	0	1	1	0	0	1	1	1	1	1	1	1	0	0	0	1	1	1	1	1	1	0	0	0	0	1	1	1	1	1	1	0	1	0	1	0	1	1	1	0	0	0	0	1	1	1	0	0	1	0	1	1	0	0	0	0	1	1	1	0	0	1	1	0	0	0	1	0	0	1	0	0	0	0	0	0	0	1	0	0	1	0	1	1	0	0	0	0	1	1	0	0	0	1	1	1	1	0	0	1	1	0	1	0	0	0	0	1	1	1	0	0	1	0	1	0	0	0	0	0	0	0	1	1	1	0	0	0	1	0	1	1	0	1	1	0	1	0	1	1	0	0	1	0	1	1	0	0	0	1	0	1	0	1	0	1	1	0	1	1	1	1	0	0	0	0	1	1	0	0	0	0	0	0	0	0	1	1	1	1	0	1	1	0	1	0	0	1	1	1	0	1	0	1	0	1	0	1	1	1	1	1	0	1	0	0	1	0	1	1	0	0	0	0	1	0	0	1	0	0	0	1	0	1	1	1	1	0	1	0	0	0	1	0	0	1	0	0	0	1	0	0	1	0	0	0	0	1	0	0	0	1	0	0	0	0	1	0	0	1	1	0	0	0	0	0	1	1	0	0	1	0	1	1	1	0	0	1	0	1	1	0	0	0	1	0	1	1	1	1	0	1	0	0	0	1	1	1	1	0	1	1	1	0	1	0	1	1	1	1	0	0	0	0	0	0	0	1	0	0	1	1	1	1	0	0	0	1	1	0	1	1	1	0	0	1	1	0	0	1	0	1	1	0	1	0	0	0	1	1	0	1	0	0	0	0	0	0
Molecule7	0	0	0	1	1	0	1	1	1	1	0	0	0	0	0	0	0	0	0	0	1	0	0	0	1	0	1	0	0	1	1	1	1	0	1	0	1	0	0	0	0	0	1	0	1	0	0	0	0	1	0	0	1	1	0	0	1	0	0	0	0	0	0	0	1	1	0	0	0	0	1	0	0	1	1	0	0	0	0	0	1	0	0	1	1	0	0	1	0	0	0	1	0	0	1	1	1	1	1	0	1	1	0	1	1	0	0	0	1	1	0	1	0	0	0	0	0	1	0	0	0	0	1	0	0	1	0	0	1	1	0	1	1	0	0	0	1	0	0	0	1	0	0	0	1	0	1	0	0	1	1	0	0	0	0	0	0	0	1	0	1	0	1	0	0	0	1	0	1	0	1	0	0	0	0	1	0	1	1	1	0	0	1	0	0	0	0	1	0	1	1	1	1	0	1	1	1	1	0	1	0	1	1	0	0	0	0	0	1	0	0	1	0	1	0	1	0	0	0	1	0	0	0	1	1	1	1	1	1	1	1	0	0	1	0	1	0	1	1	0	0	0	0	1	1	0	1	1	0	0	1	0	0	0	1	1	1	0	0	0	0	1	1	0	0	0	1	0	1	1	0	0	0	0	1	0	0	0	0	1	0	0	0	0	1	0	0	0	0	0	0	0	0	0	0	1	0	0	1	0	1	1	0	0	0	0	0	0	0	0	0	1	1	1	1	0	0	1	1	0	1	0	0	0	0	1	1	1	0	0	1	0	0	0	0	0	0	0	0	0	1	0	1	0	0	0	0	0	1	1	0	1	1	0	1	0	0	1	0	0	1	0	1	1	0	0	0	0	0	1	0	1	0	0	1	0	1	1	1	0	0	0	0	0	1	1	0	0	0	0	0	0	0	0	1	1	0	0	0	1	0	1	1	0	0	1	1	0	0	1	0	1	0	1	0	1	1	1	1	1	0	1	0	0	1	0	1	1	0	0	0	0	0	0	0	1	0	0	0	1	0	1	1	1	1	0	1	0	0	0	0	0	0	0	0	0	0	1	0	0	1	0	0	0	0	1	0	0	0	1	0	0	0	0	0	0	0	1	0	0	0	0	0	0	1	1	0	0	1	0	1	1	0	0	0	0	0	1	1	0	0	0	1	0	1	1	1	1	0	1	0	0	0	1	1	0	1	0	1	1	0	0	0	0	1	1	0	0	0	0	0	0	0	0	0	1	0	0	1	1	1	1	0	0	0	1	1	0	1	1	0	0	0	0	1	0	0	0	0	1	1	0	0	0	0	1	0	1	0	0	0	0	0	0	0	0
Molecule8	0	0	0	1	1	0	1	1	1	1	0	0	0	0	0	0	0	0	0	0	1	1	1	0	1	0	1	0	0	1	1	1	1	0	1	0	1	0	0	0	0	0	1	0	1	0	0	0	0	1	0	0	1	1	0	0	1	0	0	0	0	0	0	0	1	1	0	0	0	1	1	0	0	1	1	0	0	0	0	0	1	0	0	1	1	0	0	1	0	0	0	1	0	0	1	1	1	1	1	0	1	1	0	1	1	1	0	0	1	1	0	1	0	0	0	0	0	1	0	0	0	0	1	0	0	1	0	0	1	1	0	1	1	1	0	0	1	0	0	0	1	0	0	0	1	1	1	0	0	1	1	0	0	0	0	0	0	1	0	0	1	0	1	0	1	0	1	0	1	0	1	1	0	0	0	1	0	1	1	1	0	0	1	0	0	1	0	1	0	1	1	1	1	0	1	1	1	1	0	1	0	1	1	0	0	0	0	1	1	1	0	1	0	1	0	1	0	0	0	1	0	0	0	1	1	1	1	1	1	1	1	0	0	1	0	1	0	1	1	0	0	0	0	1	1	1	1	1	0	0	1	0	0	0	1	1	1	0	0	0	0	1	1	0	0	0	1	0	1	1	0	0	0	0	1	0	1	0	0	1	0	0	0	0	1	0	0	0	0	0	0	0	0	0	0	1	0	0	1	0	1	1	0	0	0	0	1	0	0	0	0	1	1	1	1	0	0	1	1	0	1	0	0	0	0	1	1	1	0	0	1	0	0	0	1	0	0	0	0	0	1	0	1	0	0	0	0	0	1	1	0	0	1	0	1	0	1	1	0	0	1	0	1	1	0	0	0	1	0	1	0	1	0	1	1	0	1	1	1	0	1	0	1	0	1	1	0	0	0	0	0	0	1	0	1	1	1	1	0	1	1	1	1	0	0	1	1	0	0	1	0	1	0	1	0	1	1	1	1	1	0	1	0	0	1	0	1	1	0	0	0	0	0	0	0	1	0	0	0	1	0	1	1	1	1	0	1	0	0	1	0	0	0	1	0	0	0	1	0	0	1	0	0	0	0	1	0	0	0	1	0	0	0	0	0	0	0	1	1	0	0	0	0	0	1	1	0	0	1	1	1	1	0	0	0	0	0	1	1	0	0	0	1	0	1	1	1	1	0	1	1	0	0	1	1	0	1	0	1	1	0	0	0	0	1	1	1	0	1	0	0	1	0	1	0	1	1	0	1	1	1	1	0	0	0	1	1	1	1	1	0	1	0	0	1	0	0	1	0	1	1	0	0	0	0	1	1	1	0	0	0	0	0	0	0	0
Molecule9	1	0	0	1	1	0	1	1	1	1	0	0	0	0	0	0	0	0	0	0	0	0	0	0	1	0	1	0	0	1	1	1	1	0	1	0	1	0	0	0	0	0	1	0	1	0	0	0	0	1	0	0	1	1	0	0	1	0	0	0	0	0	0	0	1	1	0	0	0	0	1	0	0	1	1	0	0	0	0	0	1	0	0	1	1	0	0	1	0	0	0	1	0	0	1	1	1	1	1	0	1	1	0	0	1	0	0	0	1	1	0	0	0	0	0	0	0	1	0	0	0	0	1	0	0	1	0	0	1	1	0	1	1	0	0	0	1	0	0	0	1	0	0	0	1	0	1	0	0	1	0	0	1	0	0	0	0	0	1	0	1	0	1	0	0	0	1	0	1	0	1	0	0	0	0	1	0	0	1	0	0	0	1	0	0	0	0	1	0	1	1	1	1	0	1	0	1	1	0	1	0	0	1	0	0	0	0	0	1	0	0	1	0	1	0	1	0	0	0	1	0	0	0	1	1	0	0	0	1	1	1	0	0	1	0	0	0	1	1	0	0	0	0	1	1	0	1	0	0	0	1	0	0	0	1	1	1	0	0	0	0	1	1	0	0	0	1	0	1	1	0	0	0	0	1	0	1	0	0	1	0	0	0	0	1	0	0	0	0	0	0	1	0	0	0	1	0	0	1	0	1	1	0	0	0	0	0	0	0	0	0	1	0	1	1	0	0	1	0	0	1	0	0	0	0	1	1	1	0	0	1	0	0	0	0	0	0	0	0	0	1	0	1	0	0	0	0	0	1	1	0	1	1	0	1	0	0	1	0	0	1	0	1	1	0	0	0	0	0	1	0	1	0	0	1	0	1	1	1	0	0	0	0	1	1	1	0	0	1	0	0	0	0	0	0	1	0	0	0	1	0	1	1	0	0	1	1	0	0	1	0	1	0	1	0	1	1	1	0	1	0	1	0	0	1	0	1	1	0	0	0	0	0	0	0	1	0	0	0	1	0	0	0	1	1	0	1	0	0	0	0	0	0	0	0	0	0	1	0	0	1	0	0	0	0	1	0	0	0	1	0	0	0	0	0	0	0	0	0	0	0	0	0	0	1	1	0	0	1	1	1	1	0	0	0	0	0	1	1	0	0	0	1	0	1	1	0	1	0	1	0	0	0	1	1	0	1	0	1	1	0	0	0	0	1	1	0	0	0	0	0	0	0	0	0	1	0	0	1	1	1	1	0	0	0	1	1	0	1	1	0	0	0	0	1	0	0	0	0	1	1	0	0	0	0	1	0	1	0	0	0	0	0	0	0	0
Molecule10	0	0	0	1	1	0	1	1	1	1	1	0	0	0	0	0	0	0	0	0	0	0	1	0	1	0	1	0	0	1	1	1	1	0	0	0	1	0	0	0	0	0	1	0	1	0	0	0	0	1	0	0	1	1	0	0	1	0	0	0	0	0	0	0	1	1	0	0	0	0	1	0	0	1	1	0	0	0	0	0	1	0	0	1	1	0	0	1	0	0	0	1	0	0	1	1	1	1	0	0	1	1	0	1	0	1	0	0	1	1	0	1	0	0	0	0	0	1	0	0	0	0	1	0	0	1	0	0	1	0	0	1	1	1	0	0	1	0	0	0	1	0	0	0	1	0	1	0	0	1	1	0	0	1	0	0	0	0	0	1	1	0	1	0	0	0	1	0	1	0	1	1	0	0	0	0	0	1	1	1	0	0	1	0	0	1	0	1	0	1	1	0	1	0	1	1	1	1	0	1	0	1	1	0	0	0	0	0	1	0	0	1	0	1	0	1	0	0	0	1	0	0	0	1	1	1	1	1	1	1	1	0	0	1	0	0	0	1	1	0	1	0	0	1	1	1	1	0	0	0	1	0	0	0	1	0	1	0	0	0	0	1	1	0	0	0	1	0	1	1	0	1	0	0	1	0	1	0	0	1	0	0	0	0	1	0	0	0	0	0	0	0	0	0	0	1	0	0	1	0	1	1	0	0	0	0	1	0	0	0	0	1	1	1	1	0	0	1	1	0	1	0	0	0	0	1	1	1	0	0	1	0	0	0	1	0	0	0	0	0	1	0	1	0	0	0	0	0	1	1	0	0	1	0	1	0	1	1	0	0	1	0	1	1	0	0	0	0	1	1	0	1	0	1	1	0	1	1	1	0	1	1	0	0	1	1	0	0	0	0	0	0	1	0	0	1	0	1	0	1	1	1	1	0	0	1	1	0	0	1	0	1	0	1	0	1	1	1	1	1	0	1	0	0	1	0	1	1	0	0	0	0	0	0	0	1	0	0	0	0	0	1	1	1	1	0	1	0	0	1	0	0	0	1	0	0	0	1	0	0	1	0	0	0	0	1	0	0	0	1	0	0	0	0	0	1	0	1	1	0	0	0	0	0	0	0	0	0	1	0	1	1	0	0	0	0	0	1	1	0	0	0	1	0	1	1	1	1	0	1	1	0	0	1	1	0	1	1	1	1	0	0	0	0	1	1	0	1	0	0	0	1	0	1	1	1	1	0	1	0	1	1	0	0	0	1	0	0	1	1	0	1	0	0	1	0	0	0	0	1	1	0	0	0	0	1	0	1	0	0	0	0	0	0	0	0
Molecule11	1	0	0	0	0	0	1	1	1	1	0	0	0	0	0	0	0	0	0	0	1	0	0	0	1	1	1	0	1	0	1	1	1	1	1	0	1	0	0	0	1	0	1	0	1	0	0	0	1	0	0	0	1	0	0	0	1	0	0	0	0	1	0	0	1	1	0	0	0	0	1	0	0	1	1	0	1	0	0	0	0	0	0	0	1	0	1	1	0	0	1	0	0	1	1	1	0	0	0	1	1	1	1	1	0	0	0	0	0	0	0	1	0	0	1	1	0	0	0	1	0	0	0	0	0	1	0	1	0	1	0	1	0	1	0	1	1	0	1	0	1	0	0	1	0	0	1	0	1	1	1	0	1	0	0	0	1	1	1	1	1	0	1	0	0	0	1	1	1	0	1	0	0	1	0	0	0	0	1	1	0	0	1	0	0	1	0	1	0	1	1	1	1	1	1	1	1	0	0	1	0	1	1	1	0	0	0	0	0	1	0	1	0	1	0	1	0	0	1	0	0	0	0	0	1	0	0	0	1	1	0	0	0	1	0	1	1	0	1	1	0	0	1	1	0	0	1	0	0	0	0	0	0	0	1	1	1	0	0	0	0	1	1	0	0	0	1	0	0	0	0	1	1	0	1	1	1	0	0	1	0	1	0	0	1	0	0	0	0	0	0	1	0	0	0	1	0	1	1	0	0	1	0	1	0	0	0	0	0	0	0	1	1	1	1	1	0	1	0	0	0	0	0	0	0	1	0	0	0	0	1	0	1	0	0	1	0	1	0	1	1	1	0	0	0	0	1	0	1	0	0	0	1	0	1	1	0	1	0	1	1	0	0	1	0	1	0	1	0	1	0	0	0	0	0	0	0	1	1	0	1	1	0	1	1	1	0	0	1	0	0	0	1	0	0	1	1	1	0	0	1	0	1	0	0	1	1	0	0	1	0	0	0	1	0	1	1	0	1	0	0	1	1	0	1	0	1	1	0	1	0	0	0	0	0	0	0	0	0	0	1	1	0	1	1	0	1	0	1	0	0	0	1	0	1	0	0	1	1	0	1	0	0	1	0	1	0	0	1	0	0	0	1	0	0	0	0	0	1	0	0	0	0	1	0	0	0	0	0	1	1	0	0	0	0	0	0	1	0	0	0	1	1	0	0	1	1	1	0	1	1	0	0	0	1	0	0	1	0	1	0	0	0	0	1	1	1	0	0	0	0	0	0	1	0	0	0	0	1	1	1	0	0	0	0	1	0	0	1	1	0	0	1	0	1	0	0	1	0	1	1	0	0	0	1	0	1	0	0	0	1	0	1	0	0	0
Molecule12	1	0	0	0	0	0	1	1	1	1	0	0	0	0	0	0	0	0	0	0	1	0	0	0	1	0	0	0	0	0	0	1	1	0	1	0	0	0	0	0	0	0	0	0	1	0	0	0	0	0	0	0	1	0	0	0	1	0	0	0	0	0	0	0	1	1	0	0	0	0	1	0	0	1	1	0	0	0	0	0	0	0	0	0	0	0	0	0	0	0	1	0	0	1	1	1	0	0	1	0	1	1	1	1	1	0	0	0	0	0	0	1	0	0	1	1	0	0	0	0	0	0	0	0	0	1	0	1	0	1	0	1	0	1	0	1	1	0	0	0	0	0	0	1	0	0	1	0	1	1	0	0	1	0	0	0	0	1	1	0	1	0	1	0	0	0	1	1	1	0	1	0	0	0	0	1	0	0	1	1	0	0	1	0	0	0	0	0	0	1	1	1	1	1	1	1	1	0	0	1	0	1	1	1	0	0	0	0	0	1	0	1	0	1	0	1	0	0	0	0	0	0	0	0	1	0	0	0	1	1	0	0	0	1	0	1	1	0	1	0	0	0	1	1	0	0	1	0	0	0	0	0	0	0	1	1	1	0	0	0	0	1	1	0	0	0	1	0	0	0	0	0	0	0	1	1	1	0	0	1	0	1	0	0	1	0	0	0	0	0	0	1	0	0	0	1	0	1	1	0	0	1	0	1	0	0	0	0	0	0	0	1	1	1	1	1	0	1	0	0	1	0	0	0	0	1	0	0	0	0	1	0	0	0	0	1	0	1	0	1	1	1	0	0	0	0	1	0	1	0	0	0	1	0	1	0	0	1	0	1	1	0	0	1	0	0	0	0	0	1	0	0	0	0	1	0	0	1	1	0	0	0	0	1	1	1	0	0	1	0	0	0	1	0	0	1	0	0	0	0	1	0	1	0	0	0	1	0	0	0	0	0	0	1	0	0	1	0	1	0	0	1	0	0	1	0	1	1	0	1	0	0	0	0	0	0	0	0	0	1	1	1	0	1	1	0	1	0	1	0	0	0	0	0	0	0	0	1	0	0	1	0	0	1	0	1	0	0	1	0	0	0	1	0	0	0	0	0	1	0	0	0	0	0	1	1	0	0	0	1	1	0	0	0	0	0	0	1	0	0	0	0	1	0	0	1	1	1	0	1	1	0	0	0	1	0	0	0	0	1	0	0	0	0	1	0	1	0	0	0	0	0	0	0	0	1	0	0	1	1	1	0	0	0	0	1	1	0	1	1	0	0	1	0	0	0	0	1	0	1	1	0	0	0	1	0	1	0	0	0	0	0	0	0	0	0
Molecule13	1	0	0	1	0	1	1	1	1	1	0	0	0	1	1	1	0	0	0	0	1	0	0	0	1	1	1	0	1	0	1	1	1	1	1	0	1	0	0	0	1	0	1	1	1	1	0	0	1	1	1	0	1	1	1	0	1	0	0	0	0	1	0	0	1	1	0	1	0	0	1	0	0	1	1	1	1	0	1	1	0	0	1	1	1	0	1	1	0	0	1	0	0	1	1	1	1	0	1	1	1	1	1	1	1	1	0	0	1	0	1	1	1	0	1	1	0	1	1	1	0	1	0	0	0	1	0	1	1	1	0	1	1	1	0	1	1	0	1	0	1	1	0	1	0	0	1	0	1	1	1	0	1	0	1	0	1	1	1	1	1	0	1	0	1	0	1	1	1	0	1	0	0	1	0	1	0	0	1	1	1	0	1	1	1	1	1	1	0	1	1	1	1	1	1	1	1	1	1	1	0	1	1	1	1	0	0	0	1	1	0	1	0	1	1	1	0	1	1	0	1	1	0	1	1	1	0	1	1	1	0	0	0	1	1	1	1	0	1	1	0	0	1	1	1	0	1	0	0	0	1	1	0	0	1	1	1	0	0	1	0	1	1	0	0	0	1	0	1	1	1	1	1	0	1	1	1	0	0	1	1	1	0	1	1	1	0	1	0	0	0	1	0	0	0	1	0	1	1	0	1	1	0	1	1	0	0	0	0	0	1	1	1	1	1	1	0	1	0	0	1	0	0	0	0	1	0	0	0	0	1	0	1	0	0	1	0	1	0	1	1	1	0	0	1	0	1	0	1	0	0	1	1	0	1	1	0	1	0	1	1	0	1	1	1	1	0	1	1	1	1	0	0	0	1	0	0	1	1	0	1	1	1	1	1	1	1	0	1	0	0	0	1	0	0	1	1	1	0	0	1	0	1	0	0	1	1	0	0	1	0	1	0	1	1	1	1	0	1	0	0	1	1	0	1	0	1	1	0	1	0	1	0	0	0	1	0	0	0	1	1	1	0	1	1	0	1	1	1	0	0	0	1	1	1	0	0	1	1	0	1	0	1	1	0	1	0	0	1	0	0	0	1	0	1	0	0	0	1	0	0	0	0	1	1	1	1	0	1	1	1	0	1	0	1	1	0	1	0	1	1	1	1	0	0	1	1	1	0	1	1	0	0	1	1	0	0	1	1	1	1	0	0	1	1	1	1	0	0	0	0	0	0	1	0	1	0	0	1	1	1	1	0	0	1	1	1	1	1	1	1	0	1	0	1	0	0	1	0	1	1	1	1	0	1	0	1	1	0	0	1	0	1	0	0	0
Molecule14	1	0	0	1	1	1	1	1	1	1	1	1	0	0	0	1	0	0	0	1	1	0	1	1	1	0	1	0	0	0	1	1	0	1	1	1	1	1	0	0	1	0	1	0	1	0	0	0	1	1	0	1	1	1	0	0	1	0	0	0	0	1	1	1	1	1	1	0	1	0	1	0	0	1	1	0	0	1	0	0	1	0	1	1	0	0	1	1	0	0	0	0	0	0	1	0	0	1	1	1	1	1	0	1	1	0	0	0	1	0	0	1	1	0	1	0	0	1	1	0	0	0	0	0	0	1	0	0	0	1	1	1	1	1	0	1	1	1	1	0	1	0	0	1	0	0	1	1	0	1	1	0	0	0	0	0	1	1	1	0	1	0	1	0	1	1	0	0	1	1	1	1	0	1	0	1	1	1	1	1	0	1	1	0	1	0	1	0	0	1	1	1	1	0	1	1	1	1	0	1	0	1	1	0	0	0	0	1	0	1	1	1	1	1	1	1	1	0	1	0	1	0	0	1	1	1	1	1	1	1	1	0	0	1	1	1	1	1	1	0	1	0	1	1	1	0	1	0	1	1	1	0	1	1	1	1	1	1	0	0	0	1	1	1	0	1	1	0	1	1	0	1	1	1	1	1	1	1	0	1	1	0	0	0	1	0	0	0	0	1	1	1	0	1	1	1	0	1	1	0	1	0	1	1	1	0	1	1	0	0	1	1	1	1	1	1	0	1	1	0	1	0	1	0	1	1	1	1	1	0	1	1	1	0	0	1	0	0	0	1	1	1	1	0	0	0	1	1	1	1	0	1	1	0	0	0	1	1	0	1	1	0	1	1	0	1	0	1	0	1	0	1	0	0	1	0	1	1	1	0	0	0	0	1	1	1	1	1	1	0	0	0	1	0	1	1	1	1	0	1	1	1	1	0	0	1	1	0	0	1	0	1	0	1	1	1	1	0	1	1	1	1	0	0	1	0	1	1	0	0	0	1	1	0	0	0	0	0	0	1	1	1	0	1	1	0	1	0	0	1	0	1	1	1	0	0	1	1	1	1	1	0	1	0	0	1	0	1	0	0	0	1	0	0	0	1	0	0	1	0	0	0	0	1	1	1	0	1	1	1	1	1	0	0	0	1	0	1	1	0	0	1	1	1	0	1	1	1	0	1	0	0	0	1	1	0	1	1	0	1	0	1	0	1	1	1	1	0	0	0	1	1	0	0	1	1	0	0	1	1	1	1	0	1	0	1	1	0	1	1	1	0	1	1	1	0	0	1	0	1	1	0	0	0	0	1	1	1	1	0	1	0	1	0	0	0
Molecule15	1	0	0	1	0	1	1	1	1	1	1	1	0	0	1	1	0	0	0	1	1	1	0	0	1	0	1	0	1	0	1	1	0	1	1	0	0	1	0	0	0	0	1	0	1	0	0	1	1	0	0	0	1	0	0	0	1	0	0	0	1	0	1	0	1	1	1	0	0	0	1	0	0	1	1	1	1	0	0	0	1	0	0	1	0	1	0	1	0	0	1	1	1	1	1	1	1	1	1	0	1	1	1	1	1	1	0	0	1	0	0	1	1	0	1	1	0	1	1	0	0	0	0	0	0	1	0	1	1	1	1	1	1	1	0	0	1	0	1	0	1	0	0	1	0	1	1	1	0	1	1	1	1	0	1	0	0	1	0	0	1	0	1	1	1	0	1	1	1	0	1	1	0	1	0	1	0	1	1	1	1	1	1	1	0	0	1	0	0	1	1	1	1	1	1	1	1	1	0	1	1	1	1	1	0	0	0	0	0	1	1	1	0	1	0	1	1	0	0	0	1	1	0	1	1	1	1	1	1	1	1	0	0	1	1	1	1	0	1	0	0	0	1	1	1	0	1	0	1	0	0	0	0	0	1	1	1	0	0	0	0	1	1	1	0	0	1	0	1	1	0	1	0	1	1	0	1	0	0	1	1	0	0	0	1	0	0	1	0	0	1	1	0	0	1	1	0	1	1	0	1	0	0	1	0	0	0	0	0	0	0	1	1	1	1	0	0	1	1	0	1	0	0	0	0	1	1	1	0	0	1	0	1	0	0	0	0	1	0	1	1	1	1	0	1	0	1	0	1	0	1	0	1	0	1	0	1	1	0	0	1	0	1	1	0	0	0	1	1	1	0	1	0	1	1	1	1	1	1	0	0	1	1	1	1	1	0	1	0	0	0	0	1	0	1	1	1	1	1	1	1	0	1	0	0	1	1	0	0	0	0	1	0	1	1	1	1	1	1	0	0	1	0	0	1	0	1	1	0	0	0	0	0	0	0	0	0	0	0	1	1	1	0	1	1	0	1	0	1	1	0	1	0	1	0	0	1	1	0	1	1	0	0	1	0	1	0	1	0	0	0	1	0	0	0	1	0	0	1	0	1	0	0	0	1	1	0	0	1	1	1	0	0	0	0	1	1	1	1	0	0	0	1	1	1	1	1	1	0	1	1	0	0	1	1	0	1	1	0	1	0	0	1	1	1	1	1	0	1	1	1	0	0	0	1	1	0	0	1	1	1	1	1	1	0	1	1	0	1	1	1	1	0	0	1	0	0	1	0	0	1	1	0	0	0	0	1	0	1	0	0	1	0	0	0	0
Molecule16	1	0	0	1	0	0	1	1	1	1	0	0	0	0	0	1	0	1	0	1	1	1	1	0	0	0	1	0	0	0	1	1	0	0	0	1	0	1	0	0	0	0	1	0	1	0	0	0	1	0	0	0	1	0	0	1	1	0	1	0	0	0	0	0	0	1	0	0	1	0	1	0	0	1	1	0	0	0	0	0	0	1	0	0	0	1	0	1	0	0	0	0	0	1	1	0	0	1	0	0	1	1	0	1	0	0	0	0	1	0	0	0	0	0	1	0	0	1	0	1	0	0	0	0	0	1	0	0	0	1	0	1	1	1	0	0	1	1	1	0	1	0	1	0	0	1	1	0	0	1	1	0	0	0	0	1	1	0	1	0	0	0	1	0	0	1	1	1	1	0	1	1	0	1	0	0	0	1	1	0	0	0	1	1	1	0	1	0	1	1	1	1	1	0	1	1	1	1	0	0	1	0	1	0	0	1	0	0	0	0	0	1	1	1	0	1	0	0	1	0	0	0	0	0	1	0	0	0	1	1	1	1	0	1	0	1	0	0	1	1	0	0	0	1	1	0	1	0	0	0	0	0	0	1	1	0	1	0	1	0	0	1	1	1	0	0	1	1	0	0	0	0	0	0	1	1	1	1	0	1	0	0	0	1	1	0	0	1	0	0	0	0	0	0	0	1	0	0	0	1	1	0	0	1	0	0	0	0	0	1	0	0	0	1	1	1	0	0	0	0	1	0	0	0	0	1	1	1	1	0	1	0	0	0	0	0	0	1	0	1	1	1	0	0	0	0	0	1	1	0	0	0	1	0	0	1	1	1	1	0	1	1	0	1	0	0	0	0	0	1	0	0	0	1	0	1	0	1	1	1	0	0	0	1	1	1	1	0	0	0	0	1	0	0	0	1	1	1	0	0	1	0	0	0	0	1	0	0	0	1	0	1	0	1	0	1	1	0	0	0	0	1	0	0	1	0	1	1	0	0	0	0	0	0	0	0	0	0	0	0	0	0	0	1	0	1	0	0	0	0	0	0	1	1	0	0	1	1	0	0	1	1	0	1	0	1	1	0	0	0	1	1	0	0	0	0	0	0	0	0	0	0	0	1	0	0	0	0	1	1	1	0	0	0	1	0	0	1	1	0	0	0	1	0	0	1	0	1	0	1	0	0	1	0	1	0	0	1	0	1	0	0	0	1	1	1	0	0	0	0	0	0	0	0	0	0	0	0	1	1	1	1	0	0	0	1	0	0	1	1	0	0	0	0	1	0	0	0	0	0	1	1	0	0	1	0	0	0	0	0	1	0	1	0	1	0
Molecule17	1	0	0	1	1	0	0	1	1	1	1	1	0	0	0	0	0	0	1	1	1	1	1	1	0	0	1	0	0	0	1	1	1	1	1	0	1	1	0	0	0	0	1	0	1	1	0	0	0	0	0	0	1	0	1	0	1	1	0	0	0	0	0	0	1	1	0	0	0	0	1	0	0	1	1	0	0	0	0	0	1	0	0	1	0	0	0	1	0	0	1	0	1	0	1	0	1	1	1	0	0	1	0	1	1	1	1	0	1	0	1	1	1	0	1	0	0	1	0	1	0	0	1	1	1	1	1	0	0	1	0	1	1	1	0	1	1	0	1	0	1	0	0	0	1	1	1	1	0	1	1	0	1	0	1	0	0	0	1	0	1	1	1	0	1	0	1	0	1	0	1	1	0	0	0	1	0	0	1	0	1	1	1	0	1	0	0	0	0	1	1	1	1	1	1	1	1	1	0	1	0	1	1	0	0	0	0	1	0	0	1	1	0	1	0	1	1	1	1	0	1	0	0	0	1	1	1	1	1	1	1	0	1	1	0	1	1	0	1	1	0	0	0	1	1	0	1	1	0	0	1	1	0	1	1	1	1	0	0	0	0	1	1	0	0	1	1	0	1	1	0	1	1	0	1	0	1	1	0	1	0	0	0	0	1	0	0	1	1	0	1	1	0	0	1	1	0	0	1	0	1	1	1	1	0	0	0	0	0	0	1	1	1	0	1	0	1	1	1	1	1	0	0	0	1	1	1	1	1	0	1	0	0	0	0	0	0	1	0	0	1	0	1	0	0	0	0	1	1	0	0	0	1	0	0	0	1	1	0	0	1	0	1	1	0	0	0	0	0	1	0	0	0	0	1	0	1	1	1	0	0	0	1	0	1	1	1	1	0	1	0	0	1	0	0	1	1	1	0	1	1	1	0	0	0	1	1	0	1	0	1	1	0	1	1	1	1	0	1	0	0	1	0	0	1	1	1	1	0	0	0	0	1	0	1	0	0	1	0	1	1	1	0	0	1	1	1	0	0	1	0	1	0	1	0	0	1	1	0	1	1	1	0	1	0	1	1	1	0	1	0	1	0	0	0	1	0	1	1	0	1	0	0	0	1	1	0	0	1	1	1	1	0	0	0	1	0	1	1	0	0	0	1	1	0	1	1	1	0	1	1	1	0	1	1	1	1	1	0	1	0	0	0	0	1	1	1	0	1	0	1	0	0	0	1	1	0	1	1	1	1	1	0	1	0	1	1	1	1	1	0	0	0	1	1	1	0	0	0	0	1	1	0	0	0	1	1	0	1	0	0	0	0	0	0	0
Molecule18	1	0	0	1	0	0	0	1	1	1	1	1	0	0	0	0	0	0	0	0	1	0	1	0	0	0	1	1	0	0	1	1	0	0	1	0	0	0	0	0	0	0	1	0	1	1	0	1	0	1	0	0	1	0	0	0	1	0	0	0	0	1	1	1	1	1	0	0	1	0	1	0	0	1	1	0	0	1	0	0	1	0	0	0	0	1	0	1	0	0	0	0	0	0	1	0	0	1	1	0	0	1	0	0	1	0	1	0	1	0	0	1	0	0	1	0	0	1	1	0	1	0	1	0	0	1	0	0	0	1	0	1	1	1	0	0	1	0	0	0	1	0	0	1	0	0	1	1	0	1	1	0	0	0	0	0	0	0	0	0	1	0	1	0	0	0	1	0	1	0	1	1	0	1	0	1	0	0	1	0	0	1	1	0	0	0	0	1	0	1	1	1	1	0	0	0	1	1	0	1	0	1	1	0	0	0	0	0	0	0	1	1	0	1	0	1	1	0	1	0	0	0	0	0	1	1	1	0	1	1	1	0	0	1	0	0	1	1	1	1	0	0	0	1	1	0	1	1	0	0	0	0	0	1	1	1	1	0	0	0	0	1	1	0	0	0	1	0	1	1	0	1	0	0	1	0	1	0	0	1	0	0	0	0	1	0	0	1	0	1	0	0	0	0	0	1	0	0	1	0	1	0	1	1	0	0	0	0	0	0	0	1	0	0	1	0	0	0	1	0	1	0	1	0	0	1	1	1	0	0	1	0	0	0	0	0	0	1	0	0	1	0	1	0	0	0	0	0	1	0	1	0	1	0	0	0	1	1	0	0	1	0	1	1	0	0	0	1	0	1	0	0	0	0	1	1	0	1	1	0	0	0	0	0	1	1	0	1	0	0	0	0	1	0	1	1	0	1	0	1	1	0	0	0	0	1	1	0	0	0	0	1	0	1	1	1	1	0	0	0	0	1	0	0	1	1	1	1	0	0	0	0	0	0	1	1	0	0	0	1	0	1	0	1	1	0	1	0	0	1	0	1	0	1	0	0	1	1	0	0	1	0	0	1	0	1	1	0	0	0	0	0	0	0	0	1	0	0	0	0	0	0	0	0	1	1	0	0	1	0	1	0	0	0	0	0	1	1	1	0	0	0	1	1	0	1	0	1	0	1	0	0	0	0	1	0	1	1	0	1	0	0	0	0	0	1	0	0	0	0	0	0	0	0	1	1	0	0	1	1	1	1	0	0	0	1	1	0	1	1	0	0	0	1	1	0	0	0	0	1	1	1	0	0	0	0	1	0	1	0	0	0	0	0	0	0
Molecule19	1	0	0	1	0	0	1	1	1	1	0	1	0	0	1	0	0	1	0	0	0	1	0	0	0	0	1	0	0	0	1	1	0	0	0	1	1	0	1	0	0	0	1	0	1	0	0	0	0	1	0	0	1	0	0	0	1	0	0	0	0	1	0	0	1	1	0	0	1	0	1	0	0	1	1	0	1	1	0	0	1	1	0	0	0	0	0	1	0	0	0	0	0	0	1	0	0	1	0	0	1	1	0	1	0	0	0	0	1	0	0	1	0	0	1	0	0	1	1	1	0	0	0	0	0	1	0	0	0	1	0	1	1	1	0	0	1	1	0	0	1	0	0	1	0	0	1	1	0	1	0	0	0	0	0	0	1	1	0	1	0	0	1	0	1	0	1	0	0	0	1	1	1	0	0	0	0	1	1	1	0	0	1	1	1	0	0	0	0	1	1	1	1	0	1	1	1	1	0	1	0	1	1	1	0	0	0	0	0	1	1	1	0	1	0	1	1	0	0	0	0	0	0	0	1	0	0	0	1	1	1	0	0	1	0	1	1	1	1	1	0	0	1	1	1	1	1	0	0	0	0	0	0	1	1	0	1	0	0	0	0	1	1	0	0	0	1	0	0	1	0	0	0	0	1	0	1	1	0	1	0	0	0	0	1	0	0	0	0	1	0	1	0	0	0	1	0	0	1	0	1	0	0	0	0	0	1	0	0	0	0	1	1	1	1	1	0	1	0	0	0	0	0	0	0	1	1	1	1	0	1	0	0	0	0	0	0	1	0	0	1	1	1	0	0	0	0	1	1	0	1	0	1	0	0	0	1	1	1	0	1	0	0	1	0	0	0	1	0	1	0	0	0	0	0	1	0	1	1	0	0	0	1	1	1	1	0	1	1	0	0	0	0	0	0	1	1	1	0	1	0	0	1	0	0	1	1	0	0	0	0	1	0	1	1	1	1	0	1	0	0	1	0	0	1	0	1	1	0	0	0	0	0	0	0	0	0	0	0	1	0	1	0	1	1	0	1	1	0	0	0	0	0	1	0	0	1	1	0	0	1	0	0	1	0	1	1	0	0	0	0	0	0	0	0	0	0	0	1	0	1	0	0	0	0	0	0	0	1	1	1	0	0	0	1	1	0	1	1	0	0	0	1	1	0	1	1	1	0	1	0	0	0	0	1	0	1	0	0	1	1	0	0	0	1	1	1	0	0	0	0	0	1	0	0	0	0	0	1	0	1	1	0	0	0	1	0	0	1	1	0	1	0	0	1	0	0	1	0	0	1	0	0	0	0	0	1	0	1	0	0	0	1	0	0	0
Molecule20	1	0	0	1	1	0	1	1	1	1	1	1	0	0	0	0	0	0	0	1	0	0	1	0	1	0	1	0	0	1	1	1	1	1	1	0	1	1	0	0	0	0	1	0	1	0	0	0	1	1	0	0	1	1	0	1	1	0	0	0	0	0	0	0	1	1	0	0	0	0	1	1	1	1	1	0	0	0	0	0	1	0	0	1	1	0	0	1	0	0	0	0	0	0	1	1	1	1	1	0	1	1	0	1	1	0	0	0	1	1	1	1	1	0	0	0	0	1	0	0	0	0	1	0	0	1	0	0	1	1	1	1	1	1	0	1	1	1	1	0	1	0	0	0	1	1	1	1	0	1	0	0	1	0	0	0	0	1	1	0	1	0	1	0	1	0	1	0	1	0	1	1	0	1	0	1	0	1	1	1	0	1	1	0	0	0	0	1	0	1	1	1	1	0	1	1	1	1	0	1	0	1	1	0	0	0	0	0	1	1	1	1	0	1	0	1	1	0	0	1	1	0	0	1	1	0	1	1	1	1	1	0	0	1	1	1	1	1	1	0	0	0	0	1	1	1	1	0	1	0	1	0	1	0	1	1	1	0	0	0	0	1	1	1	0	0	1	0	1	1	0	1	0	0	1	1	1	0	0	1	0	0	0	0	1	0	0	0	0	0	0	1	0	0	0	1	0	0	1	0	1	1	0	0	0	0	1	1	0	0	0	1	1	1	1	0	0	1	0	0	1	0	0	0	0	1	1	1	0	0	1	0	1	0	0	0	0	0	0	0	1	1	1	0	0	0	1	0	1	1	0	1	1	0	1	0	1	1	0	0	1	0	1	1	0	0	0	1	0	1	0	1	0	0	1	0	1	1	1	1	0	0	0	1	1	1	0	1	1	0	0	0	1	0	0	1	1	1	0	1	1	1	1	0	0	1	1	1	0	1	0	1	0	1	1	1	1	1	1	1	0	1	0	0	1	0	1	1	0	0	0	0	1	0	0	1	0	0	0	1	1	1	0	1	1	0	1	0	0	1	1	0	0	1	0	0	1	1	0	1	1	0	0	0	0	1	0	1	0	1	0	0	0	0	1	1	0	0	1	0	0	0	0	0	1	1	0	0	1	1	1	1	1	0	0	1	0	1	1	0	0	0	1	1	1	1	1	1	0	1	0	0	0	1	1	1	1	1	1	1	1	0	0	0	1	1	1	0	0	0	0	0	0	0	0	1	0	0	1	1	1	1	0	1	0	1	1	0	1	1	0	0	0	1	1	0	0	1	0	1	1	0	1	0	0	0	1	1	1	1	0	0	0	0	0	0
Molecule21	1	0	0	0	0	0	1	1	1	1	0	0	0	0	0	0	0	0	0	0	0	1	0	0	1	0	0	0	0	0	1	1	0	0	0	1	0	0	0	0	0	0	0	0	1	0	0	0	0	1	0	0	1	1	0	0	1	0	0	0	0	1	0	0	1	1	0	0	1	0	1	0	0	1	1	0	0	0	0	0	0	0	0	0	0	0	0	0	1	0	1	1	0	1	1	1	0	0	0	0	1	0	1	1	0	0	0	0	0	0	0	1	0	0	1	0	0	0	1	1	0	0	0	0	0	1	0	1	0	1	0	1	0	0	0	0	1	0	0	0	1	0	0	1	0	1	1	1	0	0	0	0	1	0	0	0	0	0	0	0	1	0	1	1	0	0	0	1	1	0	1	1	1	0	0	0	0	0	0	0	0	0	1	1	0	0	0	0	0	1	1	1	1	1	1	1	1	0	0	0	0	1	1	0	0	0	0	0	0	1	0	1	0	1	0	1	0	0	0	0	0	1	0	0	1	0	0	0	1	1	1	0	0	1	0	1	0	1	1	0	0	1	0	1	0	1	1	0	0	1	0	0	0	0	1	0	1	0	0	0	0	1	1	0	1	0	1	0	0	1	0	0	0	1	1	0	1	0	0	1	0	0	0	0	1	0	1	1	0	1	0	1	0	0	1	1	0	0	1	0	0	0	0	1	1	0	1	0	0	0	0	1	1	1	1	1	0	1	1	0	1	0	0	0	0	1	0	0	0	0	1	0	0	0	0	0	0	0	0	1	1	1	0	0	0	0	0	1	1	0	1	0	1	0	1	0	0	1	1	0	1	0	0	1	0	0	0	1	0	1	0	0	0	0	0	0	0	1	1	0	0	0	0	1	1	1	1	1	1	0	0	0	1	0	0	1	0	1	1	0	1	0	1	0	0	0	1	0	0	0	0	1	0	1	0	0	1	0	1	0	0	1	0	0	1	0	1	1	0	0	0	0	0	0	0	0	0	0	0	1	1	1	0	1	1	0	0	1	1	0	0	0	0	1	0	0	0	1	0	0	1	0	0	1	0	1	0	0	0	0	0	1	0	0	0	0	0	0	0	1	0	0	0	0	0	0	0	0	0	1	1	0	0	0	0	1	1	1	0	0	0	0	1	0	0	1	1	1	0	1	0	0	0	0	1	0	1	1	0	0	0	0	0	0	1	1	1	0	0	0	0	0	1	0	0	0	0	0	1	0	1	0	0	0	1	1	0	0	1	1	0	1	0	0	0	0	0	1	0	0	1	1	1	0	0	0	1	0	0	0	0	0	0	0	0	0
Molecule22	1	1	0	1	0	0	1	1	1	1	0	0	0	0	0	0	0	0	0	0	1	0	0	0	1	0	1	0	0	0	1	1	1	0	1	0	1	0	0	0	0	0	1	0	1	0	0	0	0	0	0	0	1	0	0	0	1	0	0	0	0	0	0	0	1	1	0	0	0	0	1	1	0	1	1	0	1	1	0	0	1	0	0	0	1	0	0	0	0	0	1	0	0	1	1	1	1	1	0	1	1	1	1	1	0	0	0	0	1	1	0	1	0	1	1	1	0	1	0	0	0	0	0	0	0	1	0	1	0	1	0	1	1	1	0	1	1	0	1	0	1	0	1	1	0	0	1	0	1	1	0	0	1	0	0	0	1	1	1	1	1	0	1	0	0	0	1	1	1	1	1	1	0	1	0	0	0	0	1	1	0	0	1	0	0	0	0	1	0	1	1	1	1	1	1	1	1	1	0	1	0	1	1	1	0	0	0	0	0	1	1	1	0	1	0	1	0	0	1	0	0	0	0	0	1	0	0	0	1	1	1	0	0	1	0	1	1	0	1	1	0	0	1	1	1	0	1	0	0	0	0	1	0	0	1	1	1	0	0	0	0	1	1	0	0	0	1	0	0	1	0	1	0	0	1	1	1	0	0	1	0	1	0	0	1	0	0	0	0	1	0	1	0	0	0	1	0	1	1	0	1	1	1	1	0	0	0	0	0	0	0	1	1	1	1	1	0	1	0	0	0	1	0	0	0	1	1	1	0	0	1	0	1	0	0	1	0	1	0	1	1	1	0	0	0	0	1	0	1	0	0	0	1	0	1	1	1	1	0	1	1	0	0	1	0	1	1	0	0	1	0	0	0	0	0	0	0	1	1	0	0	1	0	1	1	1	0	0	1	0	0	0	1	1	0	1	0	1	0	1	1	0	1	0	0	1	1	0	0	1	0	1	0	1	0	1	1	0	1	0	0	1	0	0	1	0	1	1	0	1	0	0	0	0	0	0	0	0	0	0	1	1	0	1	1	0	1	1	1	0	0	0	1	1	1	0	0	1	1	0	1	1	0	1	0	1	0	0	1	0	0	0	1	0	0	0	0	0	1	0	0	0	0	1	0	0	0	0	1	1	1	0	0	0	0	0	1	1	1	0	0	1	1	1	0	1	1	1	0	1	1	0	1	0	1	0	1	1	0	1	0	0	0	0	1	1	1	0	0	1	0	0	0	1	0	0	0	0	1	1	1	1	0	0	0	1	0	0	1	1	0	0	1	0	1	0	0	1	0	1	1	0	0	0	1	0	1	0	0	0	0	0	1	0	0	0
Molecule23	1	0	0	1	1	1	1	1	1	1	1	1	0	0	1	1	0	0	0	1	0	1	1	1	1	0	1	1	0	1	1	1	0	1	1	1	1	1	1	1	0	1	1	0	1	1	0	1	0	1	1	0	1	1	0	1	1	0	1	0	1	1	0	1	1	1	1	0	1	0	1	1	1	1	1	0	0	0	1	0	1	0	1	1	1	0	1	1	0	1	1	1	0	0	1	1	1	1	0	1	1	1	1	1	1	1	1	0	1	1	1	1	1	0	1	0	0	1	1	1	0	0	1	0	0	1	0	1	1	1	0	1	1	1	1	1	1	1	1	0	1	0	1	1	1	1	1	0	1	1	1	0	1	0	0	1	0	1	1	0	0	0	1	1	1	0	1	1	1	1	1	1	0	1	0	0	0	1	1	1	0	1	1	1	0	0	1	1	0	1	1	1	1	0	1	1	1	1	0	1	1	1	1	0	0	0	0	1	0	1	1	1	0	1	0	1	1	1	1	1	1	1	0	1	1	1	0	1	1	1	1	1	0	1	0	1	1	1	1	0	0	0	0	1	1	1	1	0	1	1	1	1	1	0	1	1	1	1	0	0	0	1	1	1	0	1	1	0	0	1	1	1	0	1	1	1	1	0	1	1	1	0	1	0	1	0	1	1	0	1	0	1	0	0	1	1	1	1	1	0	1	1	1	1	1	1	1	0	0	1	0	0	1	1	1	1	0	1	0	0	1	0	0	0	0	1	1	1	1	0	1	0	1	0	0	0	0	1	0	0	1	1	1	0	1	0	1	1	1	0	0	1	1	0	1	0	1	1	1	1	1	0	1	1	1	0	1	1	0	1	1	1	0	0	1	0	1	1	1	1	0	1	1	1	1	1	0	1	1	1	1	0	1	0	1	1	1	1	0	1	1	1	1	0	0	1	1	0	0	1	0	1	0	1	1	1	1	1	1	1	0	1	0	0	1	0	1	1	0	0	0	1	1	0	0	1	0	0	0	1	1	1	0	1	1	1	1	1	0	1	1	0	0	1	1	0	1	1	1	1	1	0	0	1	1	1	0	1	0	1	0	0	1	0	1	1	1	0	1	1	1	0	0	0	0	0	1	0	1	1	1	1	1	0	0	1	1	1	1	0	0	0	1	1	1	1	1	1	0	1	1	0	1	1	1	0	1	1	1	1	1	1	0	1	1	1	1	0	1	0	0	0	1	0	0	0	1	0	1	1	1	1	0	1	0	1	1	1	1	1	1	1	1	1	1	1	0	1	1	1	1	1	1	0	0	1	1	1	1	0	0	0	1	0	0	0
Molecule24	1	0	0	1	0	0	0	1	1	1	0	1	0	0	1	1	0	0	1	1	0	1	1	0	0	0	1	1	1	0	1	1	0	0	1	1	0	0	0	1	0	1	0	0	1	1	0	1	1	0	0	1	1	0	0	0	1	0	0	0	1	0	0	0	1	1	0	1	0	0	1	0	0	1	1	1	0	0	1	0	0	1	1	1	1	1	0	1	0	0	1	0	1	1	1	0	1	1	0	1	1	0	1	1	1	0	1	0	1	0	1	1	1	0	1	0	0	1	0	1	0	0	0	0	0	1	1	1	1	0	1	1	0	0	0	0	1	0	1	0	1	0	0	0	0	1	1	0	1	1	0	1	1	0	1	1	0	1	1	0	0	0	1	1	1	0	0	1	1	0	1	0	0	1	0	0	0	1	0	1	1	0	1	1	1	1	1	1	0	0	1	1	1	0	1	1	1	1	0	1	0	1	1	1	1	0	0	0	0	0	0	1	0	1	0	1	0	0	1	1	1	1	0	1	1	1	1	1	1	1	0	1	0	1	0	1	0	0	1	0	0	1	0	1	0	0	1	0	1	0	0	1	0	0	1	1	1	0	0	0	0	1	1	1	0	0	1	0	0	0	0	0	0	0	1	1	1	1	0	1	1	0	1	0	0	0	1	1	0	0	0	1	0	0	0	1	0	1	1	0	1	1	0	1	1	1	0	0	0	0	0	0	1	1	1	1	0	1	0	0	0	0	0	0	1	1	0	1	0	0	1	0	1	0	1	0	0	0	1	0	1	0	1	0	1	0	0	1	1	0	1	0	1	0	0	0	1	1	1	1	1	0	1	1	0	0	1	0	0	1	0	1	0	1	0	0	0	1	1	1	0	1	0	1	1	1	0	0	1	0	1	0	0	0	0	1	1	0	1	0	1	0	0	0	0	1	1	0	0	0	1	0	0	1	1	1	1	1	1	1	0	1	0	0	1	0	1	1	0	0	0	1	1	0	0	1	0	1	0	0	0	1	0	0	0	0	0	0	0	0	0	0	0	1	0	0	0	1	0	1	1	0	0	0	0	1	0	1	0	0	0	1	1	0	0	0	1	0	1	1	1	0	0	0	0	1	0	0	1	1	1	1	0	1	0	1	0	0	0	0	0	0	0	0	1	1	1	1	0	1	1	0	1	1	1	0	0	1	0	1	1	0	0	0	1	1	1	0	0	0	0	0	0	0	0	0	1	0	1	1	1	1	0	0	0	1	1	0	0	1	1	1	0	0	0	0	0	0	0	0	1	1	0	0	0	0	1	0	0	0	0	0	1	1	0	0
Molecule25	1	0	0	1	1	1	0	1	1	1	1	1	0	0	1	1	0	0	0	1	0	1	1	1	0	0	1	1	0	1	1	1	0	1	1	1	1	1	1	1	0	1	1	1	1	1	0	1	0	1	1	1	1	1	1	1	1	0	1	0	1	1	0	1	1	1	1	0	1	0	1	1	1	1	1	1	0	0	1	0	1	1	1	1	1	0	1	1	0	1	1	1	0	0	1	1	1	1	1	1	1	1	1	1	1	0	1	1	1	1	1	1	1	0	1	0	0	1	1	1	0	1	0	1	0	1	0	1	0	1	1	1	1	1	0	1	1	1	1	0	1	0	1	1	1	1	1	1	1	1	0	0	0	1	0	1	0	1	1	0	1	0	1	1	1	0	1	1	1	1	1	1	1	1	0	0	0	1	1	1	0	1	1	1	1	0	1	1	1	1	1	1	1	0	1	1	1	1	1	1	1	1	1	1	1	0	1	1	1	1	1	1	1	1	0	1	1	1	1	0	1	1	1	1	1	1	0	1	1	1	1	1	0	1	1	1	1	1	1	0	0	0	1	1	1	1	1	1	1	1	1	1	1	1	1	1	1	0	0	0	0	1	1	1	0	1	1	0	0	1	1	1	0	1	1	1	1	1	1	1	1	0	1	0	1	0	1	0	0	1	0	1	1	1	0	1	1	1	1	0	1	1	0	0	1	1	1	0	1	1	0	1	1	1	1	1	1	1	0	1	1	0	0	0	0	1	1	1	1	0	1	0	1	0	1	1	1	1	0	0	1	1	1	0	1	0	1	1	1	0	0	1	1	0	0	0	1	1	1	1	1	0	1	1	1	0	1	1	0	1	1	1	0	1	1	0	1	1	1	1	0	1	1	1	1	1	0	1	1	1	1	0	1	0	1	1	1	1	1	1	1	1	1	0	0	1	1	0	0	1	0	1	0	1	1	1	1	1	1	1	1	1	0	0	1	0	1	1	1	0	0	1	1	0	1	0	1	0	0	1	1	1	0	1	1	1	1	1	0	1	1	1	0	1	1	0	1	1	1	1	1	0	0	1	1	1	1	1	0	1	0	1	1	1	1	1	1	1	1	1	1	1	1	0	0	0	1	0	1	1	1	1	1	0	0	1	1	1	1	1	0	1	1	1	1	1	1	1	0	1	1	0	1	1	1	0	1	1	1	1	1	1	1	1	1	1	1	0	1	0	0	1	1	0	0	1	1	1	1	1	1	1	0	1	1	1	1	1	1	1	1	1	0	1	1	1	1	1	1	1	1	0	1	0	1	1	1	1	1	0	0	0	1	1	0	1
Molecule26	1	0	0	0	0	0	0	0	1	1	1	0	0	0	0	1	0	0	0	1	0	0	0	0	1	0	1	0	0	0	1	0	0	0	0	0	0	0	0	0	0	0	1	1	1	1	1	0	0	1	0	0	1	0	0	0	1	0	0	0	0	1	0	0	0	1	0	1	1	0	1	0	0	1	0	0	0	0	0	0	0	0	1	0	0	0	0	1	0	0	1	0	1	0	0	0	0	0	0	0	0	1	0	0	0	1	0	0	0	0	0	0	0	0	1	0	0	1	1	0	0	0	0	0	0	1	0	0	0	0	0	0	0	0	0	0	1	1	0	0	1	0	0	1	0	0	1	1	0	0	1	1	0	0	0	0	0	0	1	1	0	0	1	0	0	0	1	1	1	0	1	0	0	0	0	0	0	0	1	0	0	0	0	0	0	0	1	0	1	0	1	1	1	0	0	0	1	0	0	1	0	0	0	0	0	0	0	0	0	0	1	0	1	0	0	0	0	0	1	1	0	1	0	0	1	0	0	0	1	1	1	0	0	1	0	0	0	0	1	1	1	0	1	0	1	0	1	0	0	0	0	0	0	0	0	0	1	0	0	0	0	0	1	0	1	0	1	0	0	0	0	0	0	0	0	1	1	0	0	0	0	0	0	0	0	0	0	1	0	1	0	1	0	0	0	0	0	0	0	0	1	0	0	1	0	0	0	1	1	0	0	0	0	0	0	1	1	0	0	0	1	0	0	1	1	0	0	0	0	0	1	0	0	0	0	0	0	0	0	0	0	0	0	0	0	1	1	0	1	0	0	0	1	0	0	0	0	1	0	1	1	0	0	1	1	0	0	0	1	0	1	1	0	0	0	0	0	0	0	0	0	1	0	1	1	1	0	1	1	0	0	0	0	0	0	0	0	0	0	0	0	0	0	0	1	0	1	0	0	1	0	0	0	0	0	1	0	0	0	0	1	0	0	0	1	1	1	1	0	0	0	0	0	0	0	0	0	0	0	1	0	0	1	0	1	0	0	0	1	0	0	0	0	1	0	0	0	1	0	0	1	0	0	0	0	0	1	0	0	0	1	0	0	1	0	0	0	0	0	0	0	1	0	0	0	0	1	0	0	1	1	0	1	0	1	0	0	1	0	0	1	0	0	0	0	1	1	1	0	1	0	0	0	0	1	0	1	1	0	1	0	0	0	0	1	1	0	0	0	0	0	0	0	1	0	0	0	1	1	1	1	0	0	0	0	1	0	1	0	1	0	1	0	0	1	0	0	0	0	0	1	1	1	0	0	0	0	0	0	0	0	1	0	0	0	0
Molecule27	1	0	0	1	1	1	1	1	1	1	1	1	0	0	1	1	0	0	0	1	0	1	1	1	0	0	1	1	0	1	1	1	0	1	1	1	1	1	1	1	0	1	1	1	1	1	0	1	0	1	1	1	1	1	1	1	1	0	1	0	0	1	0	1	1	1	1	0	1	1	1	1	1	1	1	1	0	0	1	0	1	1	1	1	1	0	1	1	0	1	1	1	0	0	1	0	1	1	0	1	1	1	1	1	1	0	1	1	1	1	1	1	1	0	0	0	0	1	1	1	0	0	0	1	0	1	0	1	0	1	0	1	1	1	0	1	1	1	1	0	1	0	1	1	1	1	1	1	1	1	0	0	1	0	0	1	0	1	1	0	0	0	1	1	1	0	1	0	1	1	1	1	1	1	0	0	0	1	1	1	0	1	1	1	1	0	1	1	1	1	1	1	1	0	1	1	1	1	0	1	1	1	1	0	1	0	0	1	1	1	1	1	0	1	0	1	1	0	1	1	1	1	1	1	1	1	0	1	1	1	1	1	0	1	0	1	1	1	1	0	0	0	0	1	1	1	1	1	1	1	1	1	1	0	1	1	1	0	0	0	0	1	1	1	0	1	1	0	0	1	0	1	0	1	1	1	1	1	1	1	1	0	1	0	1	0	0	0	0	1	0	1	0	0	0	1	1	1	1	0	1	1	0	0	1	1	1	0	0	1	0	1	1	1	1	1	0	1	0	0	1	0	1	0	0	1	1	1	0	0	1	0	1	0	0	0	1	1	0	0	1	1	1	0	1	0	1	1	1	0	0	1	1	0	0	0	1	1	1	1	1	0	1	1	0	0	1	1	0	1	1	1	0	0	1	0	1	1	1	1	0	1	1	1	1	1	0	1	1	1	1	0	1	0	1	1	1	1	0	1	1	1	1	0	0	1	1	0	0	1	0	1	0	1	1	1	1	1	1	1	0	1	0	0	1	0	1	1	1	0	0	1	1	0	0	0	0	0	0	1	1	1	0	1	1	1	1	1	0	1	1	1	0	1	1	0	1	1	1	1	1	0	0	1	1	1	0	1	1	1	0	1	1	0	1	1	0	0	1	1	1	0	0	0	0	0	0	0	1	1	1	1	1	0	0	1	1	1	1	0	0	1	1	1	1	1	1	1	1	1	1	0	1	1	1	0	1	1	0	1	1	1	1	1	1	1	1	0	1	0	0	1	1	0	1	0	0	1	1	1	1	1	0	1	0	1	1	0	1	1	1	1	0	1	1	1	0	1	1	1	1	0	1	0	0	1	1	1	1	0	0	0	1	0	0	0
Molecule28	1	0	0	1	1	1	1	1	1	1	1	1	0	0	1	1	1	1	0	1	0	1	1	1	1	0	1	1	0	1	1	1	0	1	1	1	1	1	1	1	1	1	1	1	1	1	1	1	1	1	1	1	1	1	1	1	1	0	1	1	0	1	1	1	1	1	1	0	1	1	1	1	1	1	1	1	1	1	1	0	1	1	1	1	1	1	1	1	1	1	1	1	1	1	1	1	1	1	1	1	1	1	1	1	1	1	1	1	1	1	1	1	1	0	1	1	0	1	1	1	0	1	0	1	0	1	0	1	0	1	1	1	1	1	0	1	1	1	1	0	1	1	1	1	1	1	1	1	1	1	0	0	1	0	0	1	1	1	1	1	0	0	1	1	1	0	1	1	1	1	1	1	1	1	0	0	0	1	1	1	1	1	1	1	1	0	1	1	1	1	1	1	1	0	1	1	1	1	1	1	1	1	1	1	1	0	1	1	1	1	1	1	0	1	0	1	1	1	1	1	1	1	1	1	1	1	0	1	1	1	1	1	0	1	0	1	1	1	1	1	0	0	1	1	1	1	1	1	1	1	1	1	1	1	1	1	1	0	0	0	0	1	1	1	0	1	1	0	1	1	1	1	0	1	1	1	1	1	1	1	1	1	1	0	1	1	0	0	0	1	0	1	0	0	0	1	1	1	1	0	1	1	0	1	1	1	1	0	1	1	1	1	1	1	1	1	0	1	0	0	1	0	1	0	0	1	1	1	1	0	1	0	1	0	0	0	1	1	0	1	1	1	1	0	1	0	1	1	1	0	1	1	1	0	1	0	1	1	1	1	1	0	1	1	1	1	1	1	1	1	1	1	0	1	1	1	1	1	1	1	0	1	1	1	1	1	1	1	1	1	1	0	1	1	1	1	1	1	1	1	1	1	1	0	0	1	1	0	0	1	0	1	0	1	1	1	1	1	1	1	1	1	0	1	1	1	1	1	1	0	0	1	1	0	0	0	1	0	0	1	1	1	1	1	1	1	1	1	0	1	1	1	0	1	1	1	1	1	1	1	1	0	0	1	1	1	1	1	1	1	0	1	1	1	1	1	1	0	1	1	1	1	1	0	0	0	1	0	1	1	1	1	1	0	1	1	1	1	1	1	0	1	1	1	1	1	1	1	1	1	1	0	1	1	1	0	1	1	1	1	1	1	1	1	1	1	1	1	1	0	1	1	1	0	1	1	0	1	1	1	1	1	0	1	1	1	1	1	1	1	1	1	1	1	1	1	1	1	1	1	1	0	1	0	0	1	1	1	1	0	0	0	1	0	0	1
Molecule29	1	0	0	0	1	0	0	1	1	1	0	0	0	1	1	0	0	1	0	0	0	1	0	0	1	0	0	0	0	0	0	1	1	1	1	1	1	0	1	0	0	0	1	1	1	0	0	1	0	0	0	0	1	1	0	0	0	0	1	0	0	1	0	0	1	1	0	0	0	0	1	0	0	1	1	0	0	0	1	0	0	0	0	0	0	0	0	0	1	0	0	0	0	0	1	0	0	0	0	0	0	1	1	1	0	1	1	0	0	1	0	0	1	0	1	0	0	0	1	0	0	0	0	0	0	1	1	0	0	0	0	1	0	0	0	1	1	0	0	1	1	0	0	1	1	1	1	0	1	1	0	0	0	0	0	0	1	0	1	0	1	0	1	0	1	0	0	1	1	1	1	0	0	1	0	1	0	1	0	0	1	0	1	0	0	0	1	0	0	1	1	1	1	0	1	1	0	1	0	1	1	1	1	0	0	0	0	0	0	0	0	1	1	1	0	1	0	0	1	0	0	0	1	1	1	0	0	0	1	1	1	0	0	1	0	1	0	1	1	0	0	0	0	1	1	1	1	0	0	0	0	0	1	1	1	1	1	1	0	0	0	1	1	0	0	0	1	1	0	0	1	1	0	0	1	1	1	0	0	0	1	1	0	0	1	1	0	0	0	1	1	0	0	1	0	1	0	1	1	1	1	1	1	1	0	0	0	0	1	0	0	0	1	0	1	1	0	1	0	0	0	0	0	0	0	0	1	1	0	1	1	0	1	0	0	1	0	0	0	1	1	0	0	0	0	0	0	1	1	1	1	0	1	0	1	0	1	0	1	0	1	1	1	1	0	0	0	0	0	1	0	1	0	0	1	0	0	1	1	0	0	0	0	1	1	1	1	0	0	0	0	0	0	1	0	1	1	0	1	1	0	0	1	0	0	0	1	0	0	1	0	0	0	0	0	0	1	1	1	1	0	1	0	1	1	0	1	1	0	0	0	1	0	0	0	0	0	0	0	0	0	1	0	0	1	1	1	1	0	0	1	0	0	1	0	0	0	0	1	0	1	0	1	0	0	1	0	0	1	1	0	1	1	0	0	0	0	1	1	0	0	0	0	0	0	0	0	1	0	1	1	1	0	0	0	0	0	0	0	0	0	0	1	0	0	1	1	1	0	1	0	0	1	1	1	0	0	1	1	0	0	0	1	0	1	1	1	0	0	1	0	0	0	0	0	0	0	0	1	1	1	0	0	0	0	1	0	0	1	1	0	0	0	0	1	1	0	0	0	0	1	0	0	0	0	0	1	1	0	1	0	1	1	0	1	1
Molecule30	1	0	0	1	1	1	1	1	1	1	0	1	0	1	1	1	0	1	0	1	1	1	1	0	1	0	1	1	0	1	1	1	1	1	1	1	1	0	1	0	1	0	1	1	1	1	0	1	1	1	1	0	1	1	0	1	1	0	1	1	0	1	0	0	1	1	0	0	0	0	1	1	1	1	1	0	0	0	1	0	1	0	0	1	1	0	0	1	1	0	1	0	1	1	1	1	1	0	1	0	1	1	1	1	1	1	1	0	1	1	1	1	1	0	1	0	0	1	1	0	0	0	1	0	0	1	1	0	1	1	1	1	1	1	1	1	1	1	1	1	1	1	0	1	1	1	1	1	1	1	1	0	0	1	0	0	1	1	1	0	1	0	1	0	1	0	1	1	1	1	1	1	0	1	0	1	0	1	1	1	1	0	1	1	0	0	1	1	0	1	1	1	1	0	1	1	1	1	0	1	1	1	1	0	0	0	1	0	1	1	1	1	1	1	0	1	0	1	1	1	1	0	1	1	1	1	1	1	1	1	1	0	0	1	1	1	1	1	1	0	0	0	0	1	1	1	1	1	1	1	1	1	1	1	1	1	1	1	0	0	0	1	1	1	0	0	1	1	1	1	1	1	0	0	1	1	1	0	0	1	1	1	1	0	1	1	1	1	0	1	1	0	0	1	0	1	0	1	1	1	1	1	1	1	0	0	1	1	1	0	0	1	1	1	1	1	1	1	1	0	1	0	0	0	0	1	1	1	0	1	1	0	1	0	0	1	0	1	0	1	1	1	1	0	1	0	1	1	1	1	1	1	1	0	1	0	1	1	1	0	1	1	1	1	1	1	0	1	1	1	0	1	0	1	1	0	1	1	1	1	0	1	0	1	1	1	1	0	1	0	0	0	1	1	1	1	1	1	1	1	1	1	1	0	0	1	1	1	0	1	0	1	0	1	1	1	1	1	1	1	1	1	0	1	1	0	1	1	0	0	0	1	1	0	0	1	0	0	0	1	0	1	1	1	1	1	1	1	0	0	1	0	1	1	0	0	0	1	1	0	1	0	1	0	0	1	0	0	1	1	0	1	1	0	1	1	0	1	1	0	0	1	0	0	1	1	1	1	1	1	1	1	1	0	1	1	0	1	1	0	0	0	1	0	1	1	1	1	0	1	0	0	1	1	1	1	1	1	1	1	1	0	1	0	1	1	1	1	0	1	0	0	0	0	0	1	0	0	1	1	1	1	0	0	1	1	1	1	1	1	1	0	1	1	1	1	1	1	1	1	1	0	1	0	1	0	1	1	0	1	0	1	1	0	1	1
